metric,value
total_revenue,208311.72999999998
num_orders,2000.0
AOV,104.15586499999999
