,Revenue,Ad Spend,Conversions,amount,hour,dayofweek
Revenue,1.0,0.013812828327616848,-0.0071286403726282975,1.0,,
Ad Spend,0.013812828327616848,1.0,0.45717712570246893,0.013812828327616843,,
Conversions,-0.0071286403726282975,0.45717712570246893,1.0,-0.007128640372628303,,
amount,1.0,0.013812828327616843,-0.007128640372628303,1.0,,
hour,,,,,,
dayofweek,,,,,,
